,algorithm,ask,askSize,averageDailyVolume10Day,averageVolume,averageVolume10days,beta,bid,bidSize,circulatingSupply,currency,dayHigh,dayLow,dividendRate,dividendYield,exDividendDate,expireDate,fiftyDayAverage,fiftyTwoWeekHigh,fiftyTwoWeekLow,fiveYearAvgDividendYield,forwardPE,fromCurrency,lastMarket,marketCap,maxAge,maxSupply,navPrice,open,openInterest,payoutRatio,previousClose,priceHint,priceToSalesTrailing12Months,regularMarketDayHigh,regularMarketDayLow,regularMarketOpen,regularMarketPreviousClose,regularMarketVolume,startDate,strikePrice,toCurrency,totalAssets,tradeable,trailingAnnualDividendRate,trailingAnnualDividendYield,trailingPE,twoHundredDayAverage,volume,volume24Hr,volumeAllCurrencies,yield,ytdReturn
MSFT,,152.65,1100,71417514,49333635,71417514,1.091844,153.5,1200,,USD,157.7477,150.82,2.04,0.0128999995,2020-05-20,-,161.74971,190.7,118.38,1.97,24.533873,,,1156956291072,1,,,153,,0.32930002,157.71,2,8.617989,157.7477,150.82,153,157.71,57969926,-,,,,True,1.94,0.0123010585,26.495384,154.18044,57969926,,,,
AAPL,,242.45,1100,62455585,49330169,62455585,1.292953,242.8,800,,USD,248.72,239.13,3.08,0.0121,2020-02-07,-,279.20456,327.85,170.27,1.6,15.807743,,,1054096883712,1,,,246.5,,0.2394,254.29,2,3.937855,248.72,239.13,246.5,254.29,44054638,-,,,,True,3.04,0.011954855,19.127432,271.0172,44054638,,,,
AMZN,,1911.05,1400,6325757,5500393,6325757,1.544734,1910.5,1300,,USD,1944.96,1893.62,,,-,-,1945.4572,2185.95,1626.03,,47.944206,,,949672083456,1,,,1932.97,,0,1949.72,2,3.3853748,1944.96,1893.62,1932.97,1949.72,3742635,-,,,,True,,,82.907425,1845.7506,3742635,,,,
FB,,160.8,1000,27578871,21198830,27578871,1.051464,160.5,1100,,USD,164.15,158.035,,,-,-,180.81943,224.2,137.1,,15.465117,,,454931808256,1,,,161.615,,0,166.8,2,6.434952,164.15,158.035,161.615,166.8,19507559,-,,,,True,,,24.821152,193.8938,19507559,,,,
BRKB,,176.75,900,,,,0.858273,175.5,1400,,USD,178.67,174.19,,,-,-,,178.67,174.19,,,,,,1,,,176.18,,,182.83,2,,178.67,174.19,176.18,182.83,8401977,-,,,,True,,,,,8401977,,,,
GOOGL,,1110,800,3641314,2480262,3641314,1.025336,1098.78,800,,USD,1129.42,1093.765,,,-,-,1286.5591,1530.74,1008.87,,18.701849,,,757735620608,1,,,1124,,0,1161.95,2,4.681513,1129.42,1093.765,1124,1161.95,2598519,-,,,,True,,,22.417265,1314.9076,2598519,,,,
GOOG,,1113,900,3330114,2293293,3330114,1.025336,1110.04,800,,USD,1129.5,1097.45,,,-,-,1289.0682,1532.106,1013.536,,18.638233,,,759594090496,1,,,1122,,0,1162.81,2,4.692995,1129.5,1097.45,1122,1162.81,2312280,-,,,,True,,,22.488865,1315.8756,2312280,,,,
JNJ,,129.7,900,16725685,10542861,16725685,0.75376,129.05,800,,USD,130.23,125.5,3.8,0.029000001,2020-02-24,-,136.84114,154.5,109.16,2.68,13.375908,,,339588218880,1,,,127.7,,0.6661,131.13,2,4.138342,130.23,125.5,127.7,131.13,11872325,-,,,,True,3.75,0.028597575,22.879217,138.02504,11872325,,,,
JPM,,85.09,900,29983800,19726106,29983800,1.177355,84.87,900,,USD,86.56,83.25,3.6,0.04,2020-04-03,-,109.98657,141.1,76.91,2.44,7.8401484,,,259320938496,1,,,85.1,,0.3172,90.03,2,2.3565848,86.56,83.25,85.1,90.03,26992611,-,,,,True,3.4,0.03776519,7.869403,124.40358,26992611,,,,
V,,154.8,900,20540071,12934796,20540071,0.929532,153.15,1000,,USD,158.07,151.4162,1.2,0.0074,2020-02-13,-,179.51172,214.17,133.93,0.63,22.85224,,,339274891264,1,,,156.32,,0.1916,161.12,2,14.421887,158.07,151.4162,156.32,161.12,12274429,-,,,,True,1.1,0.00682721,27.955084,183.46416,12274429,,,,
PG,,110.34,900,16331871,10443679,16331871,0.424386,109.6,800,,USD,112.18,107,2.98,0.0271,2020-01-23,-,116.155426,128.09,94.34,3.09,20.864506,,,269984972800,1,,,107.95,,1.6789,110,2,3.879429,112.18,107,107.95,110,10661774,-,,,,True,2.955,0.026863636,61.28363,121.324745,10661774,,,,
UNH,,238.09,800,7534142,5948101,7534142,0.710213,235.46,1100,,USD,246.605,235.44,4.32,0.0173,2020-03-13,-,263.546,306.71,187.72,1.44,12.563262,,,225115357184,1,,,238.69,,0.2889,249.38,2,0.9296333,246.605,235.44,238.69,249.38,4436497,-,,,,True,4.14,0.01660117,16.561062,264.91022,4436497,,,,
INTC,,52.26,1200,41517285,31237201,41517285,0.955661,51.71,1300,,USD,54.68,51.435,1.32,0.024400001,2020-05-06,-,56.341713,69.29,42.86,2.66,10.566192,,,221890756608,1,,,52.5,,0.2675,54.12,2,3.083315,54.68,51.435,52.5,54.12,29586562,-,,,,True,1.26,0.023281597,11.014862,57.024746,29586562,,,,
VZ,,53.18,800,31182800,21119116,31182800,0.508313,53.01,1300,,USD,53.45,52.161,2.46,0.0458,2020-04-09,-,55.308,62.22,48.84,4.48,10.3359375,,,219088797696,1,,,52.5,,0.5237,53.73,2,1.661425,53.45,52.161,52.5,53.73,18081016,-,,,,True,2.435,0.04531919,11.380645,58.900585,18081016,,,,
MA,,229,1000,9971871,6469817,9971871,0.988915,228.77,1800,,USD,237.1,227.1,1.6,0.0066000004,2020-04-08,-,281.67715,347.25,199.99,0.59,22.906815,,,229778194432,1,,,230.94,,0.16620001,241.56,2,13.610033,237.1,227.1,230.94,241.56,6424282,-,,,,True,1.39,0.005754264,28.79219,288.19043,6424282,,,,
T,,28.19,2200,66145485,46151277,66145485,0.582739,28,1100,,USD,28.58,27.7,2.08,0.0714,2020-04-08,-,34.511143,39.7,26.08,5.51,7.440318,,,201486237696,1,,,28.38,,1.0847,29.15,2,1.111998,28.58,27.7,28.38,29.15,52975735,-,,,,True,2.05,0.070325896,14.802111,37.230804,52975735,,,,
HD,,178.72,800,9997100,6529720,9997100,0.931116,178.75,900,,USD,182.76,175,6,0.0321,2020-03-11,-,211.94371,247.36,140.63,2.07,15.977638,,,191980797952,1,,,175.91,,0.53069997,186.71,2,1.7417175,182.76,175,175.91,186.71,7719152,-,,,,True,5.58,0.029885918,17.427317,223.51167,7719152,,,,
MRK,,74.95,1100,16083900,13705254,16083900,0.692003,73.26,800,,USD,75.47,72.99,2.44,0.0317,2020-03-13,-,77.66314,92.64,65.25,2.99,11.751593,,,187176747008,1,,,74.66,,0.59319997,76.94,2,3.9960876,75.47,72.99,74.66,76.94,11130017,-,,,,True,2.2,0.02859371,19.370079,84.19219,11130017,,,,
PFE,,31.8,800,38342514,32722558,38342514,0.692794,31.55,1200,,USD,32.28,31.53,1.52,0.0466,2020-01-30,-,33.53057,44.56,27.88,3.52,10.209003,,,176137568256,1,,,31.92,,0.5017,32.64,2,3.4036245,32.28,31.53,31.92,32.64,24688846,-,,,,True,1.44,0.04411765,11.074293,36.70387,24688846,,,,
DIS,,96.2,900,27584314,17932964,27584314,1.035629,95.1,1100,,USD,97.4,92.56,1.76,0.0182,2019-12-13,-,113.85314,153.41,79.07,1.43,16.536585,,,171372363776,1,,,93.5,,0.3154,96.6,2,2.281163,97.4,92.56,93.5,96.6,18019129,-,,,,True,1.76,0.018219462,15.97442,133.10255,18019129,,,,
BAC,,19.91,29200,122850385,78944448,122850385,1.625494,19.97,800,,USD,20.35,19.51,0.72,0.0339,2020-03-05,-,26.642286,35.72,17.95,1.55,6.6565657,,,172488704000,1,,,19.93,,0.24,21.23,2,2.0154788,20.35,19.51,19.93,21.23,82400278,-,,,,True,0.66,0.031088084,7.189091,31.035475,82400278,,,,
KO,,42.5,800,35215928,19772348,35215928,0.433095,42.31,1200,,USD,43.65,41.8,1.64,0.037100002,2020-03-13,-,51.681427,60.13,36.27,3.19,18.393013,,,180838006784,1,,,42.48,,0.7729,44.25,2,4.852627,43.65,41.8,42.48,44.25,20257095,-,,,,True,1.6,0.036158193,20.347826,53.91263,20257095,,,,
PEP,,119,800,9871014,6513674,9871014,0.543151,118.26,800,,USD,122.3,115.665,3.82,0.0318,2020-03-05,-,131.15572,147.2,101.42,2.84,18.8992,,,164706533376,1,,,117.27,,0.7293,120.1,2,2.4524133,122.3,115.665,117.27,120.1,6872957,-,,,,True,3.792,0.03157369,22.715385,135.61658,6872957,,,,
CSCO,,38.47,2200,36259900,31158637,36259900,1.195566,38.45,1400,,USD,38.86,37.8742,1.44,0.0366,2020-04-02,-,40.73057,58.26,32.4,2.97,11.650456,,,162552938496,1,,,38.17,,0.5447,39.31,2,3.1533062,38.86,37.8742,38.17,39.31,26790667,-,,,,True,1.4,0.035614345,14.949299,45.52883,26790667,,,,
NFLX,,366.9,3100,9573114,7837306,9573114,1.232779,365.82,1300,,USD,380.233,361.02,,,-,-,360.49228,393.52,252.28,,43.394512,,,159760842752,1,,,376.05,,0,375.5,2,7.926042,380.233,361.02,376.05,375.5,6672454,-,,,,True,,,88.15496,320.6576,6672454,,,,
NVDA,,245.8,2200,19373471,13608175,19373471,1.673,245.7,800,,USD,261.52,241.28,0.64,0.0023999999,2020-02-27,-,257.11002,316.32,132.6,0.62,26.594091,,,148758839296,1,,,255.65,,0.1416,263.6,2,13.6251,261.52,241.28,255.65,263.6,16422828,-,,,,True,0.64,0.002427921,53.77655,225.56306,16422828,,,,
WMT,,114.7,1400,13582885,9344014,13582885,0.432304,114.66,900,,USD,115.53,111.8,2.16,0.019,2020-05-07,-,114.85457,128.08,96.79,2.45,20.94312,,,323276439552,1,,,112.15,,0.4085,113.62,2,0.61698216,115.53,111.8,112.15,113.62,9217063,-,,,,True,2.12,0.018658685,21.992292,117.317665,9217063,,,,
XOM,,38.19,900,51567114,32423911,51567114,1.117181,38.11,1300,,USD,38.7,36.34,3.48,0.0917,2020-02-10,-,46.639427,83.49,30.11,4.02,16.829596,,,158834081792,1,,,36.86,,1.0208,37.97,2,0.62145793,38.7,36.34,36.86,37.97,35436328,-,,,,True,3.43,0.090334475,11.176295,63.071606,35436328,,,,
CMCSA,,32.93,1000,38336314,28858148,38336314,0.957244,32.33,3000,,USD,33.76,32.055,0.92,0.026800001,2020-03-31,-,39.942,47.74,31.71,1.74,9.765059,,,147609223168,1,,,33.16,,0.29680002,34.38,2,1.354934,33.76,32.055,33.16,34.38,26097173,-,,,,True,0.84,0.024432808,11.45583,43.575768,26097173,,,,
ADBE,,303,3200,5369485,3673095,5369485,0.968329,301,800,,USD,309.6105,298.34,,,2005-03-24,-,336.2597,386.75,255.13,,26.917784,,,145565155328,1,,,307,,0,318.24,2,12.4827585,309.6105,298.34,307,318.24,3902957,-,,,,True,,,45.644794,314.66388,3902957,,,,
ABT,,76.8,1200,17637028,8597945,17637028,1.153602,76.55,1000,,USD,77.38,75.35,1.44,0.0182,2020-04-14,-,79.91171,92.45,61.61,1.96,19.58312,,,135025836032,1,,,77,,0.6214,78.91,2,4.232254,77.38,75.35,77,78.91,12030017,-,,,,True,1.32,0.016727917,37.169903,83.558685,12030017,,,,
CVX,,69.87,1000,22436057,12723014,22436057,1.064924,69.76,1400,,USD,72.29,67.61,5.16,0.0712,2020-02-14,-,87.36943,127.34,51.6,4.12,19.044445,,,128846176256,1,,,69.51,,3.0909,72.46,2,0.92121816,72.29,67.61,69.51,72.46,13935581,-,,,,True,4.76,0.06569142,44.51948,109.59365,13935581,,,,
BMY,,55.54,1100,20172971,16368891,20172971,0.779097,54.62,1400,,USD,55.7,53.52,1.8,0.0323,2020-04-02,-,58.008,68.34,42.48,2.71,7.418133,,,124028051456,1,,,53.62,,0.8358,55.74,2,4.7438536,55.7,53.52,53.62,55.74,13059624,-,,,,True,1.68,0.030139934,27.273632,58.436714,13059624,,,,
COST,,288.57,1000,5448328,3425717,5448328,0.92399,286.49,1200,,USD,288.8,280.9,2.6,0.0091,2020-02-06,-,302.85773,325.26,233.05,1.01,30.770388,,,126636310528,1,,,282.36,,0.3052,285.13,2,0.7997241,288.8,280.9,282.36,285.13,3745783,-,,,,True,2.6,0.009118647,33.663574,299.3229,3745783,,,,
MCD,,158.65,900,8127200,5267782,8127200,0.489311,158.31,1200,,USD,161.44,156.35,5,0.030199999,2020-02-28,-,187.10286,221.93,124.23,2.65,17.912798,,,117907349504,1,,,166.84,,0.6003,165.35,2,5.5942564,161.44,156.35,166.84,165.35,4558965,-,,,,True,4.73,0.028605986,20.072334,198.79774,4558965,,,,
MDT,,84.11,800,11894871,6896159,11894871,0.673792,82.05,800,,USD,87.69,82.98,2.16,0.024,2020-03-26,-,97.26086,122.15,72.13,2.02,14.377778,,,112721698816,1,,,91.68,,0.5381,90.18,2,3.628926,87.69,82.98,91.68,90.18,7819825,-,,,,True,2.12,0.023508538,20.975061,108.18241,7819825,,,,
AMGN,,199.1,1300,4345085,3239391,4345085,1.127474,192.21,900,,USD,201.38,195,6.4,0.031600002,2020-05-15,-,207.38571,244.99,166.3,2.49,11.622209,,,116669718528,1,,,197.56,,0.45029998,202.73,2,4.993995,201.38,195,197.56,202.73,2681846,-,,,,True,5.8,0.028609483,15.357919,217.53671,2681846,,,,
NEE,,229.44,800,4481042,3191238,4481042,0.275534,215.26,1100,,USD,231.99,213.04,5.6,0.0233,2020-02-27,-,247.52171,283.35,174.8,2.58,22.155329,,,106707050496,1,,,242.11,,0.6443,240.62,2,5.5565014,231.99,213.04,242.11,240.62,3376450,-,,,,True,5,0.020779653,28.122421,241.08986,3376450,,,,
LLY,,136.53,900,6379600,4839274,6379600,0.361045,132.06,1300,,USD,137.19,132.98,2.96,0.021300001,2020-02-13,-,135.63115,147.87,101.36,2.38,17.648125,,,130559123456,1,,,134,,0.5202,138.72,2,5.8495545,137.19,132.98,134,138.72,3204528,-,,,,True,2.58,0.018598616,15.340156,125.37672,3204528,,,,
TMO,,270.99,900,2811471,2187614,2811471,1.155186,270.5,800,,USD,282.99,270.405,0.88,0.0031,2020-03-13,-,304.02457,342.26,250.21,0.34,18.482203,,,109757472768,1,,,276.51,,0.0829,283.6,2,4.297137,282.99,270.405,276.51,283.6,1885033,-,,,,True,0.76,0.0026798306,30.010906,307.69693,1885033,,,,
PM,,74.48,900,9457342,6687222,9457342,0.929532,70.13,1200,,USD,71.99,69.2755,4.68,0.0641,2020-03-20,-,79.16,90.17,56.01,4.76,12.157266,,,110741667840,1,,,69.77,,1.0022,72.96,2,3.71554,71.99,69.2755,69.77,72.96,5620896,-,,,,True,4.62,0.063322365,15.427332,81.61635,5620896,,,,
ABBV,,73.95,1000,16718757,12331819,16718757,0.791765,72.71,1000,,USD,73.99,71.43,4.72,0.062,2020-04-14,-,83.63114,97.86,62.55,3.85,7.0800385,,,108417105920,1,,,72.12,,0.8106,76.19,2,3.2590966,73.99,71.43,72.12,76.19,12717076,-,,,,True,4.39,0.057619106,13.905302,83.16956,12717076,,,,
PYPL,,92.35,800,11187685,9530148,11187685,0.920029,91.31,800,,USD,94.67,90.38,,,-,-,106.599144,124.45,82.07,,22.179611,,,107185078272,1,,,92.72,,0,95.74,2,6.0311213,94.67,90.38,92.72,95.74,9628376,-,,,,True,,,44.144928,107.06701,9628376,,,,
WFC,,26.8,4000,44511271,32728211,44511271,1.15281,26.63,4000,,USD,27.37,26.2,2.04,0.071100004,2020-02-06,-,37.15286,54.75,25.11,3.13,6.528255,,,108655362048,1,,,27.0197,,0.4741,28.7,2,1.3177055,27.37,26.2,27.0197,28.7,48387481,-,,,,True,1.92,0.06689895,6.5604935,47.65518,48387481,,,,
ORCL,,49,1800,20981471,14432374,20981471,1.064133,48.7,900,,USD,48.99,46.04,0.96,0.0199,2020-04-08,-,49.596573,60.5,39.71,1.52,11.681055,,,153610878976,1,,,46.55,,0.3057,48.33,2,3.8628697,48.99,46.04,46.55,48.33,17109187,-,,,,True,0.96,0.019863438,15.31761,53.37708,17109187,,,,
ACN,,166,1000,4563766,3104709,4563766,1.086302,154,800,,USD,160.8177,152.58,3.2,0.0196,2020-04-15,-,181.488,216.39,137.15,1.79,19.1199,,,98674540544,1,,,158.57,,0.39900002,163.26,2,2.209669,160.8177,152.58,158.57,163.26,2881664,-,,,,True,2.4,0.014700479,20.180038,193.93379,2881664,,,,
NKE,,79.79,1200,16506728,9770522,16506728,0.860649,79.01,800,,USD,81.18,78.53,0.98,0.0117999995,2020-02-28,-,86.59114,105.62,60,1.08,27.800003,,,123390427136,1,,,79.49,,0.3432,82.74,2,2.9895437,81.18,78.53,79.49,82.74,9409773,-,,,,True,0.93,0.01124003,29.246954,93.30708,9409773,,,,
IBM,,105.3,1100,7405942,6798003,7405942,1.305621,105.21,1000,,USD,109.92,104.521,6.48,0.0584,2020-02-07,-,125.42486,158.75,90.56,3.95,7.5803895,,,93407215616,1,,,106.36,,0.60830003,110.93,2,1.2107693,109.92,104.521,106.36,110.93,5829690,-,,,,True,6.43,0.05796448,9.950786,134.83679,5829690,,,,
UNP,,136.49,800,5505771,4543320,5505771,1.103721,134.1,800,,USD,137.97,132.5022,3.88,0.0275,2020-02-27,-,152.52315,188.96,105.08,2.19,13.527255,,,94213865472,1,,,134.03,,0.4415,141.04,2,4.340053,137.97,132.5022,134.03,141.04,4742448,-,,,,True,3.7,0.026233694,16.28759,168.07169,4742448,,,,
HON,,131,800,5858514,4019775,5858514,1.12114,128.61,1100,,USD,131.28,125.5,3.6,0.0269,2020-02-27,-,153.08371,184.06,101.08,1.98,14.739773,,,91742199808,1,,,128.28,,0.3995,133.79,2,2.4991746,131.28,125.5,128.28,133.79,4131338,-,,,,True,3.36,0.025113985,15.423306,168.63174,4131338,,,,
GILD,,72.65,900,18219457,19736600,18219457,0.985748,72.51,900,,USD,74.39,72,2.72,0.0358,2020-03-12,-,72.25686,85.97,60.89,,11.276828,,,91291541504,1,,,74.32,,0.59720004,74.76,2,4.0666194,74.39,72,74.32,74.76,12177608,-,,,,True,2.52,0.033707865,17.182467,66.905624,12177608,,,,
TXN,,97.91,900,9266842,6907033,9266842,1.151227,95.09,1800,,USD,100.37,96.07,3.6,0.036,2020-01-30,-,113.066,135.7,93.09,2.45,17.810661,,,90464837632,1,,,96.1,,0.61259997,99.93,2,6.2897058,100.37,96.07,96.1,99.93,8229664,-,,,,True,3.21,0.032122485,18.50105,122.247734,8229664,,,,
C,,39.19,1300,30855328,21586470,30855328,1.764845,38.91,3000,,USD,40.25,38,2.04,0.0484,2020-01-31,-,58.02543,83.11,32,1.43,4.4935822,,,80802062336,1,,,39.14,,0.23879999,42.12,2,1.2230136,40.25,38,39.14,42.12,28862587,-,,,,True,1.92,0.045584045,4.792185,70.462776,28862587,,,,
DHR,,129.56,1100,5819857,3440120,5819857,0.854315,128.72,800,,USD,135.57,128.03,0.72,0.0052,2020-03-26,-,145.10771,169.19,119.6,0.58,20.926828,,,89690382336,1,,,133.36,,0.2086,138.41,2,5.0075307,135.57,128.03,133.36,138.41,3643320,-,,,,True,0.68,0.00491294,31.746424,146.92482,3643320,,,,
LMT,,340.9,800,2768557,1830803,2768557,1.012668,335.21,1000,,USD,340.99,322.0101,9.6,0.028299998,2020-02-28,-,368.84058,442.53,266.11,2.59,12.793651,,,95417950208,1,,,324.83,,0.41,338.95,2,1.5952978,340.99,322.0101,324.83,338.95,1976313,-,,,,True,9,0.026552588,15.422322,388.6686,1976313,,,,
BA,,132.89,900,51380357,16830203,51380357,1.349168,132.8,3200,,USD,144.38,130,,,2020-02-13,-,232.62543,398.66,89,2.35,9.804951,,,73744334848,1,,,138.91,,,149.14,2,0.9632354,144.38,130,138.91,149.14,41377948,-,,,,True,8.22,0.055116,,319.972,41377948,,,,
MMM,,134.59,2900,6207285,4771235,6207285,1.087885,132.01,800,,USD,135.835,131.01,5.88,0.0431,2020-02-13,-,145.6063,219.75,114.04,2.65,13.883211,,,76590252032,1,,,132,,0.7375,136.51,2,2.3833163,135.835,131.01,132,136.51,3583931,-,,,,True,5.76,0.042194713,17.047375,162.79533,3583931,,,,
SBUX,,63,800,21487214,12628309,21487214,0.583531,62.62,1400,,USD,64.76,61.58,1.64,0.0249,2020-02-05,-,74.38114,99.72,50.02,1.64,19.507788,,,73497092096,1,,,67.18,,0.4885,65.74,2,2.7248394,64.76,61.58,67.18,65.74,11761535,-,,,,True,1.54,0.023425616,20.510973,83.66489,11761535,,,,
QCOM,,66.5,2200,14073000,12020409,14073000,1.465558,66.03,1000,,USD,68.7,65,2.48,0.0367,2020-03-04,-,76.11943,96.17,55.79,3.56,10.983334,,,75326341120,1,,,65,,0.70449996,67.65,2,3.073541,68.7,65,65,67.65,14167923,-,,,,True,2.48,0.036659274,18.700342,82.39161,14167923,,,,
CVS,,58.9,800,16778742,10696609,16778742,0.958828,58.34,900,,USD,58.87,57.2,2,0.0337,2020-04-22,-,62.478287,77.03,51.72,2.43,7.69657,,,76084690944,1,,,57.75,,0.3937,59.33,2,0.29747888,58.87,57.2,57.75,59.33,10987383,-,,,,True,2,0.033709757,11.484252,68.07569,10987383,,,,
UTX,,91.79,800,10917400,7121024,10917400,1.263657,91.38,900,,USD,92,88.325,2.94,0.0312,2020-02-13,-,119.92971,158.44,69.02,2.33,10.418472,,,79141494784,1,,,89.48,,0.4587,94.33,2,1.027198,92,88.325,89.48,94.33,12183530,-,,,,True,2.94,0.03116718,14.254291,139.18036,12183530,,,,
MO,,37.2,800,18689157,12357635,18689157,0.585114,37.56,1300,,USD,37.98,36.69,3.36,0.086899996,2020-03-24,-,40.586,57.11,30.95,4.61,8.070816,,,69893300224,1,,,36.85,,,38.67,2,3.5306778,37.98,36.69,36.85,38.67,18287479,-,,,,True,3.28,0.08482028,,45.390366,18287479,,,,
MDLZ,,49.49,1100,10831128,9307183,10831128,0.768012,48.33,800,,USD,49.895,48.155,1.14,0.0228,2020-03-30,-,52.990284,59.96,41.19,1.8,17.080702,,,69755518976,1,,,48.38,,0.4113,50.08,2,2.696595,49.895,48.155,48.38,50.08,7114341,-,,,,True,1.09,0.021765176,18.36981,53.91584,7114341,,,,
GE,,7.11,21500,112480114,84221748,112480114,1.135391,7.11,21500,,USD,7.55,7,0.04,0.005,2020-03-06,-,9.593714,13.26,5.9,3.24,10.057143,,,61248000000,1,,,7.52,,,7.94,2,0.64326674,7.55,7,7.52,7.94,98684678,-,,,,True,0.04,0.005037783,,10.423504,98684678,,,,
CHTR,,423.36,800,2244585,1865219,2244585,1.048297,423.27,800,,USD,434.83,413.39,,,-,-,473.606,546.54,343.15,,21.30804,,,99306127360,1,,,418.3,,0,436.31,2,2.1699617,434.83,413.39,418.3,436.31,1341029,-,,,,True,,,56.91678,469.94498,1341029,,,,
LOW,,81.64,900,8105171,5905583,8105171,1.248614,79.01,800,,USD,83.92,79.08,2.2,0.0256,2020-04-21,-,100.615425,126.73,60,1.7,11.001368,,,60712996864,1,,,80.74,,0.38799998,86.05,2,0.8415063,83.92,79.08,80.74,86.05,7920061,-,,,,True,2.13,0.02475305,14.648452,111.78591,7920061,,,,
UPS,,90.38,1000,5613914,5300729,5613914,1.220902,90.08,1100,,USD,92.88,89.08,4.04,0.0432,2020-02-24,-,96.26685,125.31,82,3.08,10.916667,,,77595025408,1,,,90.91,,0.7515,93.42,2,1.0472511,92.88,89.08,90.91,93.42,5444010,-,,,,True,3.84,0.04110469,17.688845,111.81854,5444010,,,,
CAT,,111.65,800,6747885,4767259,6747885,1.41726,109.5,800,,USD,116.75,109.5,4.12,0.0355,2020-01-17,-,117.07714,150.55,87.5,3.03,12.263216,,,61251743744,1,,,112.09,,0.352,116.04,2,1.1385082,116.75,109.5,112.09,116.04,6763214,-,,,,True,3.95,0.034039985,10.3677845,133.32759,6763214,,,,
DUK,,77.97,800,5974571,4414283,5974571,0.210609,76.51,800,,USD,79.7472,76.36,3.78,0.0467,2020-02-13,-,90.06057,103.79,62.13,4.23,14.20696,,,56938627072,1,,,77.92,,0.73870003,80.88,2,2.309134,79.7472,76.36,77.92,80.88,4478400,-,,,,True,3.745,0.046303164,15.336101,92.03759,4478400,,,,
AGN,,175.2,1000,4366900,3680466,4366900,1.490894,170.86,900,,USD,175.95,173.04,2.96,0.0168,2020-04-15,-,185.83458,202.22,114.27,,9.722068,,,57542443008,1,,,173.49,,,177.1,2,3.5765307,175.95,173.04,173.49,177.1,2935906,-,,,,True,2.96,0.01671372,,182.86249,2935906,,,,
AXP,,78.8,800,8378300,6011708,8378300,1.089469,77.86,2200,,USD,81.31,77,1.72,0.0201,2020-04-02,-,105.882,138.13,67,1.49,8.765765,,,62721757184,1,,,80.65,,0.2053,85.61,2,1.5687106,81.31,77,80.65,85.61,8291915,-,,,,True,1.64,0.01915664,9.742178,117.985916,8291915,,,,
BIIB,,299.5,800,2482571,2047203,2482571,0.877276,294.5,800,,USD,313.462,290.41,,,-,-,310.7086,374.99,215.78,,9.026469,,,51047747584,1,,,308.81,,0,316.38,2,3.5504315,313.462,290.41,308.81,316.38,2177809,-,,,,True,,,9.333863,285.8571,2177809,,,,
CL,,66,1300,7817742,5796979,7817742,0.707838,65.01,800,,USD,65.85,64.09,1.76,0.026500002,2020-04-17,-,69.933426,77.41,58.49,2.32,21.213594,,,56205651968,1,,,64.75,,0.6218,66.36,2,3.5815747,65.85,64.09,64.75,66.36,4077582,-,,,,True,1.71,0.025768535,23.836365,69.51708,4077582,,,,
SO,,50.69,1000,8906528,6308059,8906528,0.391132,50.14,900,,USD,52.43,49.26,2.48,0.0458,2020-02-14,-,60.523144,71.1,41.96,4.61,15.193939,,,52859092992,1,,,51.9,,0.5467,54.14,2,2.46786,52.43,49.26,51.9,54.14,6784282,-,,,,True,2.46,0.045437757,11.142222,62.537445,6784282,,,,
BKNG,,1299,1300,771671,641414,771671,0.940617,1265.06,800,,USD,1328.34,1248.18,,,-,-,1577.2952,2094,1107.29,,11.860007,,,52215418880,1,,,1293.81,,0,1345.32,2,3.4657784,1328.34,1248.18,1293.81,1345.32,557371,-,,,,True,,,11.372116,1873.0255,557371,,,,
BLK,,407.14,1300,1414614,968558,1414614,1.526524,406.36,1400,,USD,424.5,401.9,14.52,0.033,2020-03-04,-,464.80658,576.81,323.98,2.48,12.902962,,,63803875328,1,,,418.11,,0.4643,439.97,2,4.388464,424.5,401.9,418.11,439.97,1102389,-,,,,True,13.2,0.030002045,14.405206,480.21722,1102389,,,,
GS,,148,900,5628242,4296204,5628242,1.364212,145.52,900,,USD,149.57,145,5,0.0323,2020-02-28,-,189.77971,250.46,130.85,1.46,5.7930617,,,49961447424,1,,,146.1,,0.1973,154.59,2,1.4081182,149.57,145,146.1,154.59,4565009,-,,,,True,4.15,0.026845206,6.908373,214.4797,4565009,,,,
USB,,32.64,1300,13361871,9987895,13361871,1.142517,31.76,900,,USD,33,31.26,1.68,0.048800003,2020-03-30,-,42.642857,61.11,28.59,2.44,7.374134,,,48573833216,1,,,32.53,,0.3798,34.45,2,2.2977214,33,31.26,32.53,34.45,10671171,-,,,,True,1.58,0.04586357,7.6754813,53.288612,10671171,,,,
TGT,,95.5,900,6993842,6165859,6993842,0.618368,95.27,900,,USD,96.14,91.29,2.64,0.028399998,2020-05-19,-,105.64057,130.24,70.03,3.19,13.068586,,,47726645248,1,,,91.64,,0.41009998,92.97,2,0.61100274,96.14,91.29,91.64,92.97,8476038,-,,,,True,2.6,0.02796601,14.972497,113.677666,8476038,,,,
MS,,31.95,1200,24922985,18061940,24922985,1.37688,31.66,1400,,USD,32.41,31.16,1.4,0.041199997,2020-01-30,-,42.020287,57.57,27.2,2.13,5.8125,,,48454488064,1,,,31.68,,0.2505,34,2,1.1698613,32.41,31.16,31.68,34,23392442,-,,,,True,1.35,0.039705884,6.0924854,46.916203,23392442,,,,
RTN,,123.9,900,4351485,3053206,4351485,0.932699,122,800,,USD,125.38,120.18,3.77,0.0287,2020-01-07,-,175.12686,233.48,103,1.96,8.713879,,,34089531392,1,,,123.94,,0.3163,131.15,2,1.1684101,125.38,120.18,123.94,131.15,5040286,-,,,,True,3.77,0.028745713,10.267528,204.26767,5040286,,,,
EXC,,34.1,2200,8745257,7369327,8745257,0.370546,33.48,1300,,USD,35.78,32.945,1.53,0.0416,2020-02-19,-,41.759144,51.18,29.28,3.46,11.2348995,,,32607174656,1,,,35.2,,0.48169997,36.81,2,0.94683707,35.78,32.945,35.2,36.81,5835527,-,,,,True,1.45,0.03939147,11.122924,45.03496,5835527,,,,
WBA,,43.6,800,9009971,7258461,9009971,0.889944,43.53,900,,USD,46.4,42.61,1.83,0.04,2020-02-18,-,48.107716,64.5,40.52,2.24,7.1359863,,,38118641664,1,,,45.07,,0.44,45.75,2,0.277404,46.4,42.61,45.07,45.75,6797972,-,,,,True,1.795,0.039234973,10.554329,54.272335,6797972,,,,
COP,,30.25,800,13722071,10074409,13722071,1.204275,29.62,800,,USD,30.53,28.825,1.68,0.0545,2020-02-13,-,41.820286,68.22,20.84,3.02,15.671958,,,31896594432,1,,,29.32,,0.2086,30.8,2,0.9565343,30.53,28.825,29.32,30.8,10545795,-,,,,True,1.335,0.04334416,4.628125,55.28051,10545795,,,,
GD,,130.8,800,2738714,2102259,2738714,,125.25,1100,,USD,129,125.19,,,-,-,153.91685,193.76,100.55,,9.430052,,,36898480128,1,,,126.71,,,132.31,2,,129,125.19,126.71,132.31,1399321,-,,,,True,4.08,0.030836672,10.634391,174.06358,1399321,,,,
ALL,,87.79,2900,3013562,2183438,3013562,0.901821,81.51,1100,,USD,88.8,85.35,2.16,0.0235,2020-02-28,-,101.04943,125.92,64.13,1.8,7.8474116,,,27381368832,1,,,86.49,,0.1426,91.73,2,0.6129014,88.8,85.35,86.49,91.73,2629912,-,,,,True,2,0.021803116,6.1582327,108.69913,2629912,,,,
FDX,,113.7,800,3048514,3151514,3048514,1.562945,113.52,1100,,USD,118.75,112.3,2.6,0.0209,2020-03-06,-,130.77086,199.32,88.69,0.98,10.439743,,,29646651392,1,,,116.01,,,121.26,2,0.42555413,118.75,112.3,116.01,121.26,2512717,-,,,,True,2.6,0.021441529,,147.90051,2512717,,,,
EMR,,46.99,800,5865000,4777769,5865000,1.39034,44.45,800,,USD,45.92,43.55,2,0.042,2020-02-13,-,58.140858,78.38,37.75,3.2,12.589532,,,27961135104,1,,,44.82,,0.5629,47.65,2,1.5216117,45.92,43.55,44.82,47.65,4418285,-,,,,True,1.97,0.041343126,13.038516,68.69299,4418285,,,,
BK,,32.97,900,7902614,6930909,7902614,1.108471,32.72,900,,USD,33.095,31.38,1.24,0.0368,2020-01-24,-,37.46514,53.61,26.4,1.91,7.9756103,,,28941168640,1,,,31.95,,0.2616,33.68,2,1.7553933,33.095,31.38,31.95,33.68,7365664,-,,,,True,1.18,0.03503563,7.250554,45.020584,7365664,,,,
KMI,,12.96,900,24247314,19329945,24247314,0.819477,12.52,4000,,USD,13.28,12.5,1,0.0718,2020-01-31,-,17.296572,22.58,9.42,4.51,12.989795,,,28834213888,1,,,13.05,,0.9896,13.92,2,2.182922,13.28,12.5,13.05,13.92,17537632,-,,,,True,1,0.07183908,13.232847,19.72708,17537632,,,,
GM,,19.38,1800,21601328,15277950,21601328,1.304829,19.1,3100,,USD,20.165,18.99,1.52,0.0731,2020-03-05,-,27.311428,41.9,14.33,4.23,3.9467213,,,27522539520,1,,,19.5,,0.3326,20.78,2,0.20054752,20.165,18.99,19.5,20.78,16851979,-,,,,True,1.52,0.07314725,4.214442,33.80394,16851979,,,,
DD,,33.99,1300,7793557,8271029,7793557,1.109263,32.71,800,,USD,33.52,32.25,1.2,0.0357,2020-02-27,-,41.450287,83.72487,23.75,3.2,8.317136,,,24044898304,1,,,32.39,,,34.1,2,1.1177435,33.52,32.25,32.39,34.1,7337334,-,,,,True,2.16,0.063343115,48.82883,58.664013,7337334,,,,
MET,,28.89,800,10335414,7941525,10335414,1.119556,27.05,1100,,USD,29.02,27.64,1.76,0.057600003,2020-02-03,-,38.873714,53.28,22.85,3.38,4.3188853,,,25551599616,1,,,31.33,,0.2871,30.57,2,0.3670152,29.02,27.64,31.33,30.57,5230021,-,,,,True,1.74,0.05691855,4.6039605,46.429634,5230021,,,,
COF,,45.47,1100,5327014,3675232,5327014,1.262074,44.51,1400,,USD,46.63,44,1.6,0.0317,2020-02-07,-,76.74771,107.59,38,1.89,3.9365637,,,20424255488,1,,,46.43,,0.1452,50.42,2,0.9135508,46.63,44,46.43,50.42,7227673,-,,,,True,1.6,0.031733442,4.044171,92.23102,7227673,,,,
DOW,,27.44,1200,10341828,7262038,10341828,,27.1,1000,,USD,28.27,26.94,2.8,0.09770001,2020-02-27,-,36.430286,60.52,21.95,,8.953643,,,20082067456,1,,,27.84,,,29.24,2,0.4675576,28.27,26.94,27.84,29.24,10321222,-,,,,True,2.1,0.071819425,,47.20029,10321222,,,,
AIG,,21.99,1100,10584942,7669080,10584942,1.154394,21.75,4000,,USD,22.87,21.01,1.28,0.052800003,2020-03-13,-,36.03943,58.66,16.07,2.14,4.220703,,,18709116928,1,,,22.7,,0.3469,24.25,2,0.37585112,22.87,21.01,22.7,24.25,10434776,-,,,,True,1.28,0.052783504,5.771902,48.72562,10434776,,,,
F,,4.46,38800,150606800,86316711,150606800,1.159936,4.44,40000,,USD,4.77,4.36,,,2020-01-29,-,6.345714,10.56,3.96,5.37,5.1764708,,,17445693440,1,,,4.63,,60,4.83,4,0.1119031,4.77,4.36,4.63,4.83,118026956,-,,,,True,0.6,0.12422361,440.00003,8.328394,118026956,,,,
SLB,,12.7,1200,24302528,18392217,24302528,1.722882,12.75,1300,,USD,13.19,12.165,2,0.14829999,2020-02-11,-,22.792286,48.88,11.87,3.63,13.114584,,,17476933632,1,,,13.09,,,13.49,2,0.53093946,13.19,12.165,13.09,13.49,24512283,-,,,,True,2,0.14825797,,32.708687,24512283,,,,
SPG,,47.65,3000,7383342,3973746,7383342,0.673,47,800,,USD,51.33,46.02,8.4,0.17860001,2020-02-13,-,101.38343,186.4,43.52,4.3,6.4262295,,,14435118080,1,,,50.75,,1.2188,54.86,2,2.5428765,51.33,46.02,50.75,54.86,8524461,-,,,,True,8.3,0.1512942,6.9074893,136.60751,8524461,,,,
KHC,,23.84,1800,11242085,10070690,11242085,1.090433,23.55,900,,USD,24.385,23.5,1.6,0.0647,2020-03-12,-,25.105429,33.78,19.99,,10.251082,,,28931276800,1,,,24.02,,1.0127,24.74,2,1.1583167,24.385,23.5,24.02,24.74,6098568,-,,,,True,1.6,0.0646726,14.987342,28.829855,6098568,,,,
OXY,,11.14,1000,45612000,24375496,45612000,1.046714,10.93,2900,,USD,11.17,10.12,0.44,0.038,2020-03-09,-,24.78,68.83,9,5.21,-5.507692,,,9614716928,1,,,11.04,,,11.58,2,0.4714714,11.17,10.12,11.04,11.58,39496723,-,,,,True,3.14,0.27115718,,37.23022,39496723,,,,
OEF,,114.17,1200,1438114,1170679,1438114,,111.77,1300,,USD,116.27,112.72,,,-,-,130.41257,152.58,101.87,,,,,,1,,118.5,114.53,,,118.62,2,,116.27,112.72,114.53,118.62,1470184,-,,,5193087488,True,1.979,0.016683526,,137.10408,1470184,,,0.020299999,
